students_id,name,age,gender,email,phone,entrollment_year,course_batch,city,graduation_year
1,Brittany Velasquez,31,F,fsutton@example.org,834.438.0738x3321,2020,2024,Allenhaven,2024
2,Mr. Andrew Oneill III,27,M,aknox@example.net,267.906.4851x559,2020,2024,Schultzmouth,2024
3,Susan Cummings,27,F,cynthiakim@example.org,001-886-977-5831x74216,2008,2012,Port Aaron,2012
4,Melissa Cook,26,M,ocrawford@example.org,631.372.5452x078,2008,2012,South Jasonberg,2012
5,Charles Haynes,25,M,davidgarcia@example.net,704-406-0261,2005,2009,Kingville,2009
6,Thomas Yoder,35,F,kelly92@example.org,001-260-747-2410x8922,2013,2017,South Christopher,2017
7,Anthony Anderson,28,F,brandy58@example.net,+1-279-759-0000x137,2019,2023,Christinehaven,2023
8,Eric Obrien,28,F,linda40@example.com,292.364.2572x0565,2013,2017,Bennetttown,2017
9,Cynthia Cooper,32,F,emilyrichardson@example.com,232.710.8845,2008,2012,East Ericshire,2012
10,Trevor Mills,35,F,patrickyoung@example.net,4054177170,2014,2018,Lake Jill,2018
11,Christine Hunter,27,F,gregory15@example.net,+1-498-924-6588x127,2010,2014,Thomashaven,2014
12,Kim Howard,32,F,drew20@example.com,393.738.6077x7737,2013,2017,Anthonyshire,2017
13,Stephanie Jackson,27,M,pottsmonica@example.net,315.327.0230x4824,2010,2014,South Chadside,2014
14,Megan Phillips,30,M,bakercarlos@example.org,001-372-752-3696x50815,2005,2009,New Scott,2009
15,Thomas Cruz,28,M,lisadavis@example.net,764-709-9117x421,2018,2022,Blackville,2022
16,Zachary Gonzalez,25,M,tdaniels@example.net,001-241-342-7080x69817,2009,2013,Wilsonberg,2013
17,Justin Warren,22,F,andrewbrennan@example.net,001-481-504-6458x885,2016,2020,New Eric,2020
18,Felicia Stokes,25,F,amandamartin@example.com,(503)496-5048x08310,2020,2024,Lake William,2024
19,Robert Hernandez,28,M,heatheryoung@example.org,760-922-3544x971,2018,2022,New Ricky,2022
20,Teresa Robles,31,F,michaelbarbara@example.com,001-952-393-9871x796,2013,2017,Katherineburgh,2017
21,Samantha Nguyen,32,M,dominguezchristopher@example.com,4784217137,2016,2020,New Isaiahport,2020
22,Anna Ochoa,23,M,david28@example.net,623.218.1768,2010,2014,Chapmanmouth,2014
23,Mary Roberts,33,M,taylorowens@example.com,(336)491-0319x551,2012,2016,Edwardsmouth,2016
24,Justin Mitchell,31,F,lucerovincent@example.com,249-495-7594x7980,2009,2013,Greenborough,2013
25,Matthew Arellano,21,F,anthony10@example.com,5962180070,2010,2014,West Jessicaside,2014
26,Debbie Hernandez,28,M,amy28@example.com,001-329-665-3171,2007,2011,Port Tonyborough,2011
27,Joseph Hicks,25,F,oschneider@example.com,797-873-9517,2005,2009,Deniseton,2009
28,Gregory Rivera,35,F,sarah94@example.net,(908)854-9424x83245,2019,2023,South Justinbury,2023
29,Lori Palmer,28,F,rmorgan@example.org,9675640708,2006,2010,Abbottport,2010
30,Ricky Johnson,25,F,paulagarza@example.com,456.209.9318x131,2013,2017,Brooksmouth,2017
31,Richard Barr,26,F,tylersandoval@example.org,706-764-7125x11002,2010,2014,Deborahshire,2014
32,Daniel Alexander,29,F,geraldmcintyre@example.net,8966842872,2013,2017,Christophermouth,2017
33,Michael Galvan,31,F,ewilson@example.com,777-978-2371x118,2009,2013,Dennistown,2013
34,Rita Miller,31,M,rosariojessica@example.com,4038180564,2010,2014,Lake Margaret,2014
35,Susan Soto,30,F,fguzman@example.org,379-990-6860x162,2018,2022,North Jacob,2022
36,Emily Ward,34,M,katherinesanchez@example.net,601-229-5150,2010,2014,North Kathleen,2014
37,Madison Thornton,29,F,mooremelissa@example.net,+1-331-493-7303x24948,2006,2010,Donaldfort,2010
38,Michele Weeks,31,M,thomasrachel@example.com,358.892.3733,2006,2010,New Melissa,2010
39,George Hart,21,M,brandichen@example.net,338.267.9416x2633,2006,2010,Emilystad,2010
40,Jose Lamb III,25,F,beth31@example.net,735-531-7322,2013,2017,Webbchester,2017
41,Michelle Carrillo,27,F,michaelpace@example.com,551.580.4804x646,2016,2020,Emilytown,2020
42,David Yates,30,F,michael68@example.com,926-313-7083x97196,2016,2020,Port Joshua,2020
43,Jason Page,23,F,obush@example.org,959.568.2014,2015,2019,Port Stevenhaven,2019
44,Roberta Ramos,26,F,douglasnorris@example.com,367-898-8032,2005,2009,South Christina,2009
45,Cassandra Love,28,F,laura56@example.net,001-833-493-3148x890,2017,2021,Bergmouth,2021
46,Dustin Lynch,32,M,karenwilson@example.org,923-753-1972x447,2017,2021,Wadeport,2021
47,Brian Rivera,23,M,angelamiller@example.net,719.432.0320x983,2010,2014,Mcleanstad,2014
48,Janice Young,21,F,diazmichael@example.com,001-509-449-7458x88255,2009,2013,Lake Aaron,2013
49,Kathleen Mcclure,33,F,trevor61@example.com,4675642775,2006,2010,Rebeccaland,2010
50,Teresa Page,35,M,wsilva@example.com,(395)825-6061x80901,2012,2016,Jacobsport,2016
51,Thomas Avila,25,M,john04@example.net,601-766-4167x02413,2008,2012,Sototown,2012
52,Keith Rasmussen,31,M,amanda79@example.net,(611)654-5243x0921,2012,2016,West Suzanne,2016
53,Christine Richards,22,M,markwood@example.org,6264218360,2012,2016,New Derek,2016
54,Billy Swanson,26,F,bcochran@example.org,+1-392-780-9069x58424,2007,2011,East Andrew,2011
55,Brian Frazier,28,M,wrightstacey@example.com,001-623-305-4002x0451,2012,2016,North Ravenville,2016
56,Regina Hernandez,25,F,zgrant@example.com,232.691.8980x658,2007,2011,Guerrafort,2011
57,Shane Warner,22,M,julie41@example.org,+1-797-693-7569x8729,2009,2013,East Carlos,2013
58,Heather Brown,31,M,amanda84@example.org,6064768546,2017,2021,Port Laurenbury,2021
59,Monica Smith,32,F,william71@example.net,871-846-6272,2016,2020,Jasonside,2020
60,Lisa Fletcher,24,M,hjones@example.com,001-339-785-0520,2006,2010,North Carlahaven,2010
61,Lauren Ochoa,32,M,travis62@example.net,737.421.5630,2008,2012,North Cynthiafort,2012
62,Anthony Lutz,26,M,theresaweaver@example.net,001-685-388-5266x873,2019,2023,Tiffanyton,2023
63,James Graham,23,F,lauren84@example.org,3915902979,2017,2021,Russellport,2021
64,Calvin Raymond,30,F,wmejia@example.net,709-387-3584x0101,2005,2009,Zamorabury,2009
65,Robert King,28,F,michellefitzgerald@example.net,768.576.8444,2016,2020,Kellershire,2020
66,Christine Kim,25,M,melissa02@example.com,819-552-9061x49169,2015,2019,Melendezmouth,2019
67,Danielle Martinez,32,F,richard60@example.org,001-783-962-9444x0789,2019,2023,Cisnerosfort,2023
68,Robert Mckinney,31,F,crystal14@example.com,+1-844-726-6334,2018,2022,Sonyastad,2022
69,Renee Kerr,35,F,james79@example.net,(259)233-3578x9651,2017,2021,Williamshaven,2021
70,Elizabeth Watson,24,M,bethanymaddox@example.net,001-704-723-4937x6866,2017,2021,Sarahmouth,2021
71,Miss Cheryl Taylor,29,F,kimberly93@example.org,980.760.8394x784,2014,2018,New Sharon,2018
72,Anna Berg,35,F,tiffany81@example.com,001-664-932-9026,2006,2010,Whiteport,2010
73,Emily Navarro,23,M,khernandez@example.org,+1-364-571-2392x60495,2018,2022,Joshuabury,2022
74,Scott Ross,26,M,nathancooper@example.net,804.954.3679,2011,2015,East Danny,2015
75,Dr. Ann Wall,26,M,clayton71@example.org,802-731-6758x75799,2010,2014,Saundersburgh,2014
76,Theresa Myers MD,33,F,renee99@example.org,001-403-241-4948x94053,2011,2015,Port Denise,2015
77,Donald Sullivan,32,M,campbellchristina@example.net,817-805-9180x259,2006,2010,South Patrickstad,2010
78,Cheryl Miller MD,30,M,pateljohnathan@example.net,+1-497-595-3823x5542,2009,2013,Powellview,2013
79,Natalie Thompson,22,M,johnsonjonathan@example.org,704.807.0329x55168,2005,2009,Mckenzieburgh,2009
80,Laura Benson,27,F,christineparker@example.org,634.758.1930x327,2014,2018,West Yvonneton,2018
81,Annette Zimmerman,34,F,ramirezmatthew@example.org,(676)250-7769x52689,2011,2015,New Davidburgh,2015
82,Richard Williams,29,F,olivia59@example.com,+1-511-227-2460x5177,2019,2023,Hunterville,2023
83,Kimberly Burton,23,M,jennifer30@example.org,(340)904-7372x841,2006,2010,Juarezchester,2010
84,David Marshall,27,F,danny34@example.com,+1-669-813-3409x1860,2013,2017,Port Trevormouth,2017
85,James Erickson,27,M,joseph80@example.org,596-829-8503,2008,2012,Josephmouth,2012
86,Nancy Carson,33,M,connermegan@example.com,842-545-4874x864,2010,2014,North Dustinview,2014
87,Linda Bailey,29,F,ajackson@example.com,001-418-803-2435x00329,2018,2022,Kevinland,2022
88,Lisa Williams,29,F,smithmichael@example.com,398.372.3178x05937,2016,2020,New Laurenhaven,2020
89,Susan Meadows,27,F,allisonkelly@example.org,+1-857-911-0447x11180,2019,2023,Davidfurt,2023
90,Adam Fernandez,30,M,adam58@example.net,8744001349,2012,2016,North Jaredfurt,2016
91,Timothy Schmitt,34,M,qking@example.com,001-553-503-8167x79153,2015,2019,Jacobbury,2019
92,Amy Garcia,34,M,ssnow@example.com,838-536-5458,2012,2016,Garybury,2016
93,Dorothy Yang,26,M,thomasjesse@example.net,411-322-6188,2020,2024,East Katelynland,2024
94,Tara Rodriguez,24,M,stephanie09@example.net,001-833-857-7655x4320,2007,2011,West Josephmouth,2011
95,Jamie Meyer,26,M,murrayjenna@example.org,5283001465,2010,2014,Lake Gloriaport,2014
96,Amanda Smith,29,F,ymueller@example.com,801-864-0550x90704,2005,2009,Hensonbury,2009
97,Lynn Hernandez,35,F,jared90@example.net,001-635-588-3671,2005,2009,West Robert,2009
98,Christopher Collins,22,M,conradjason@example.com,814.394.5307x6330,2007,2011,Jonathanland,2011
99,Jennifer Carroll,23,M,gnguyen@example.org,784.938.6813x44558,2013,2017,Nancyport,2017
100,Joseph Flores,21,M,robert28@example.com,(801)657-6704x19892,2019,2023,Townsendview,2023
101,Martha Edwards,23,F,kathy92@example.com,696.711.4075,2015,2019,Tristanhaven,2019
102,Austin Baker,33,F,heidireynolds@example.net,616.670.1776x4550,2010,2014,Dylanstad,2014
103,Matthew Ibarra,21,F,nicole33@example.org,+1-226-452-7578x465,2015,2019,Harrisonbury,2019
104,Nicole Ellis,30,M,john50@example.org,326.934.8457x64364,2011,2015,West Aliciaton,2015
105,Madeline Quinn,24,F,paul53@example.org,+1-797-205-2165x841,2017,2021,West Nancyville,2021
106,Kathleen Morton,30,M,uphillips@example.net,+1-669-280-5029,2005,2009,Millerberg,2009
107,Aaron West,22,F,daniel19@example.com,683-542-7572x44152,2020,2024,Lake Matthew,2024
108,Lydia Mcclure,33,M,tiffany48@example.org,+1-470-306-8553x197,2007,2011,South Brandonhaven,2011
109,Jeffrey Rodriguez,21,F,stephen57@example.com,354.506.4729,2007,2011,Meyerberg,2011
110,Sandy Sims DDS,29,M,collinsjohn@example.org,465-381-7807x4716,2008,2012,West Sherry,2012
111,Kristine Harmon,32,F,marialopez@example.com,001-399-920-4077x600,2006,2010,North Anthonyfurt,2010
112,Jeffrey Jones,23,M,angelacantrell@example.com,+1-955-964-1653x6925,2005,2009,Codyhaven,2009
113,Tamara West,31,M,nicholsmark@example.net,(834)877-5663,2018,2022,Hollymouth,2022
114,Jessica Guzman,21,F,andrew18@example.net,001-372-701-2900x4548,2008,2012,West Steve,2012
115,Paul Johnson DVM,27,F,xsanchez@example.com,(463)594-0481,2020,2024,New Stephanie,2024
116,Pamela Anderson,31,F,kimberlybryant@example.org,611.961.6808x4895,2014,2018,Huertamouth,2018
117,Nathaniel Hernandez,35,M,wpayne@example.org,458.384.4006x125,2005,2009,Lake Audreyport,2009
118,Angela Sosa,21,M,kfitzgerald@example.com,454-889-0681x171,2011,2015,Littlefurt,2015
119,Destiny Smith,30,M,brittany12@example.com,001-949-842-6078x7664,2008,2012,East Michael,2012
120,Maria Jordan,28,F,eric73@example.com,267.864.3032x646,2014,2018,North Garrettberg,2018
121,Jason Riddle,25,F,kelsey23@example.org,001-370-214-6715,2006,2010,West Pamela,2010
122,Christina Hughes,28,M,deborahoconnor@example.com,(296)640-4262,2013,2017,South Kathryn,2017
123,Derek Miranda,31,F,cmartinez@example.com,498-630-4510,2014,2018,East John,2018
124,Pamela Simmons,30,F,sherrysimmons@example.org,(858)745-5344,2006,2010,Coleview,2010
125,Ryan Mitchell,24,F,caitlin97@example.net,484.663.7716,2011,2015,Brownchester,2015
126,Annette Jones,33,F,krystal18@example.org,774.828.5122x522,2005,2009,Smithfurt,2009
127,Christina Morgan,33,M,anthonyhogan@example.org,(511)782-8724x0334,2009,2013,New Stephen,2013
128,James Combs,33,F,scottlyons@example.com,(476)274-4056,2019,2023,Sotostad,2023
129,Matthew Dunlap,21,M,santosjohn@example.net,(730)697-1769x4593,2012,2016,North Jasmine,2016
130,David Mitchell,34,F,stephaniereed@example.org,613.643.4888,2007,2011,Castanedafort,2011
131,Todd Martin,34,M,jarnold@example.net,716-272-6592x85815,2005,2009,Stacychester,2009
132,Amy Crawford,30,M,parksshane@example.com,(873)732-0811,2017,2021,Andreaton,2021
133,Christina Smith,26,M,harringtonvanessa@example.org,001-572-913-6536x1938,2011,2015,Ginastad,2015
134,Eric Mcdaniel,34,F,clementstonya@example.net,+1-395-823-0807x67535,2012,2016,Davistown,2016
135,Chase Solomon,34,M,fitzgeraldmolly@example.com,(705)657-7554x5362,2010,2014,West Rebeccafort,2014
136,Darren Meyer,25,M,bwade@example.org,001-788-978-9856x84153,2005,2009,Francismouth,2009
137,Kimberly Gentry,32,M,donnawilliams@example.com,(220)333-4447,2018,2022,North Steven,2022
138,Ashley Everett,26,F,calhounnathan@example.com,(901)588-7385,2018,2022,Myersberg,2022
139,Denise Booker,28,M,rojasmaria@example.com,335.310.0557x44400,2015,2019,Kayleeberg,2019
140,Emily Olson,25,F,besttracy@example.org,(925)732-9040,2010,2014,Jasonland,2014
141,Jennifer Anderson,27,M,michaelfields@example.org,001-486-337-5780x806,2010,2014,Port Barbaraview,2014
142,Sarah Luna,32,M,lestermiguel@example.com,340-303-8742x616,2019,2023,Lisamouth,2023
143,Sarah Alvarez,28,M,christine47@example.net,324-264-9427x8191,2011,2015,Higginsstad,2015
144,Julie Wilson,24,M,kellyferguson@example.com,453-488-3358x311,2010,2014,Acevedofurt,2014
145,Gregory Mcguire,34,M,bhines@example.org,(966)201-1893,2007,2011,East Nicole,2011
146,Jose Henry,24,M,arieldaniels@example.net,999-422-5795x922,2015,2019,Kennethton,2019
147,Danielle Arnold,22,F,orodriguez@example.net,+1-252-637-0719x473,2013,2017,Stephenland,2017
148,Michelle Webb,30,M,martinrebekah@example.net,278-530-7034x569,2016,2020,East Brandonborough,2020
149,Jeffrey Rios,31,F,daytimothy@example.com,504.760.2817x2034,2014,2018,Mcintyrefurt,2018
150,Alexandria Obrien,23,M,stephanie61@example.org,4567722738,2011,2015,Conradchester,2015
151,Shannon Morales,33,M,rorr@example.com,001-810-408-7714x3199,2010,2014,Harrisview,2014
152,Randy Jackson,24,M,wendyjackson@example.org,487-215-3049x9600,2017,2021,East Davidstad,2021
153,Stephanie Cook,32,F,christopher06@example.org,001-305-896-0472,2018,2022,Kirstentown,2022
154,David Bauer,27,F,davispatricia@example.com,+1-889-489-7837x21386,2019,2023,Ashleyhaven,2023
155,Claudia Garner,27,F,emily43@example.org,631-959-6083,2008,2012,North Kimton,2012
156,Bill Williams,34,M,stephen28@example.net,(295)378-9448,2005,2009,Ramosport,2009
157,Jennifer Montgomery,22,F,hprice@example.org,(606)751-8588,2005,2009,Morganburgh,2009
158,William Brown,34,M,paulgraham@example.net,001-423-923-0857,2010,2014,Hahnshire,2014
159,Brittany Dickerson,23,F,jeffrey57@example.net,+1-329-946-1360x990,2017,2021,New Patrickport,2021
160,Brian Perry,33,F,ashley40@example.org,+1-637-496-2840x3772,2014,2018,Port Amyland,2018
161,Natasha Harris,33,M,thamilton@example.org,8656836768,2013,2017,East Christopherview,2017
162,Adrian Berry,31,F,shelly55@example.org,(615)618-2587,2007,2011,Port Patrickfurt,2011
163,Janet Johnson,33,M,jessicaluna@example.net,835-796-7342x1420,2015,2019,South Lori,2019
164,Austin Smith,24,M,michaelwilliamson@example.org,242.244.1568x9883,2005,2009,East Steve,2009
165,Brian Morales,24,F,ljenkins@example.org,975-855-5791,2018,2022,Pittsside,2022
166,Jennifer Glover,25,M,cschmidt@example.org,(347)284-5983,2017,2021,Lake Donnaton,2021
167,Gregory Gordon,34,M,akeith@example.org,663-683-5565x865,2018,2022,Pamelaberg,2022
168,Heather Underwood DDS,28,M,dominguezjames@example.org,9017473569,2011,2015,Murilloborough,2015
169,Alicia Harrison,29,F,alopez@example.org,(769)802-7753x163,2016,2020,East Laurashire,2020
170,Pamela Baker,31,F,lunacarlos@example.org,510-628-3753,2011,2015,Wrightport,2015
171,Paul Alexander,29,M,wgreen@example.org,631.284.8394x58475,2011,2015,Juliemouth,2015
172,Lori Wolfe,32,M,aaron48@example.net,2453424430,2005,2009,East Ericchester,2009
173,Melinda Benson,28,M,smithgeorge@example.org,496.729.7926x327,2014,2018,Marktown,2018
174,Donald Todd,33,M,christinawong@example.org,8384470138,2014,2018,Melissaton,2018
175,Ashley Walsh,28,F,kellydakota@example.net,595.906.0292,2006,2010,Turnerstad,2010
176,Lucas Roberts,29,F,thomaslarry@example.org,(571)318-1302x007,2010,2014,Ashleeburgh,2014
177,Matthew Vaughan,35,M,vhuang@example.com,516-461-7235,2016,2020,Daniellefort,2020
178,Sarah Jacobs,33,F,heatherowens@example.org,439-771-6975,2005,2009,Kellyport,2009
179,Mrs. Jennifer Richardson,28,F,smithbrittany@example.org,(942)940-8322,2019,2023,Markmouth,2023
180,Nicole Ray,23,M,ryan83@example.org,458.997.0974x00418,2020,2024,North Tracyborough,2024
181,Angela Dean DDS,28,M,whitenicole@example.com,3702929965,2018,2022,New Jorgestad,2022
182,Heather Gamble,35,M,zgonzales@example.net,001-526-601-5698x66900,2006,2010,Craigburgh,2010
183,Peter Fisher,32,M,brennanchristopher@example.com,953-580-7536x846,2015,2019,West Charlesfurt,2019
184,Jimmy Holder,32,M,kristin83@example.net,356-743-4227x21676,2007,2011,New Justinmouth,2011
185,Miranda Russell,32,M,william01@example.com,+1-458-836-3338,2008,2012,East Angelafort,2012
186,Adrian Gardner,31,M,moondominique@example.com,712-591-7066x715,2007,2011,East Gloriashire,2011
187,Daniel Farrell,24,M,woodmelanie@example.org,001-798-643-6437x5831,2013,2017,Baileyborough,2017
188,Melissa Robinson,31,M,hernandeztara@example.net,200-862-2191,2017,2021,West Andrewshire,2021
189,Cynthia Maddox,24,F,davidstanton@example.net,243-207-9316x353,2018,2022,Michaelmouth,2022
190,John Wells,35,F,susan18@example.net,947-817-5122x8447,2014,2018,New Mark,2018
191,Samantha Hebert,35,F,anthony69@example.org,(277)515-6016x54597,2006,2010,Jessicaport,2010
192,Earl Williams,22,M,wconrad@example.org,+1-810-321-5882,2015,2019,Melissafurt,2019
193,Cynthia Kelly,26,F,iwest@example.org,001-293-652-0106x74624,2006,2010,New Tiffanyview,2010
194,Andrew Jones,29,M,hhuerta@example.net,(417)402-9223,2013,2017,Lake Patricia,2017
195,Gabriella Bailey,24,F,shannongarner@example.net,+1-204-956-0219x63363,2010,2014,Justinshire,2014
196,Teresa Bush,30,M,christinerodriguez@example.net,579.529.6587,2012,2016,Kimberlyport,2016
197,Tracey Gonzalez,31,F,nicholas36@example.com,(595)726-1561x217,2019,2023,South Loretta,2023
198,Stuart Williams Jr.,35,F,grahamjennifer@example.org,366-814-5547,2019,2023,Stanleyhaven,2023
199,Craig Higgins,28,M,christinemorgan@example.com,7275037538,2015,2019,Clarkport,2019
200,John Cunningham,25,F,raymond69@example.net,001-630-807-5657x4888,2016,2020,Smithberg,2020
201,Marc Trujillo,29,M,christopherbray@example.net,(816)658-4745,2013,2017,Jennifermouth,2017
202,Jason Santiago,25,M,gomezgregory@example.com,+1-205-674-5833x869,2010,2014,Cookton,2014
203,Katrina Martinez,35,M,anelson@example.org,001-442-787-6700,2020,2024,Port Maria,2024
204,Chelsea Ferguson,27,F,amycurtis@example.com,681-521-8020x52320,2007,2011,West Andrewside,2011
205,Angela Brown,32,F,lawrence38@example.com,8657703382,2016,2020,Port Caroline,2020
206,Jason Walker,35,F,tylerdougherty@example.com,(791)396-6585,2009,2013,Swansonburgh,2013
207,Megan Massey,32,M,rromero@example.com,+1-784-581-6436x9779,2005,2009,Jasonberg,2009
208,Nathan Goodwin,34,M,morrissandra@example.com,001-710-375-1092x75291,2014,2018,Burnettside,2018
209,Richard Mcfarland,25,F,james22@example.org,(805)482-6422,2015,2019,Cynthiaburgh,2019
210,Laura Arnold,25,F,hansenjames@example.net,001-831-602-6693x20529,2010,2014,Hoganberg,2014
211,Tyler Taylor,29,F,bgonzales@example.org,(935)753-6634x8480,2005,2009,Coffeyhaven,2009
212,Joseph Sexton,21,F,zbell@example.com,502-457-4993x25168,2007,2011,Browningville,2011
213,Dr. Ashley Houston,28,M,rossrichard@example.com,952-278-8703,2017,2021,South Sandra,2021
214,Lori Johnson,24,F,gthomas@example.net,591-996-5029x42655,2014,2018,Kimberlyfurt,2018
215,Vanessa Edwards,23,M,zdavis@example.net,760.614.0605x49072,2012,2016,East Veronicafort,2016
216,James Keith DDS,34,M,wilsonjohnny@example.com,+1-514-528-8548x51951,2013,2017,Lake Markport,2017
217,James Harris,28,M,ywhite@example.net,(619)402-7534x0423,2006,2010,South Kaylee,2010
218,Nancy Johnson,27,F,candace79@example.net,601.218.9041x490,2007,2011,East Alan,2011
219,Sara Smith,26,F,manuelbanks@example.com,346-269-8187x7553,2012,2016,New Charles,2016
220,Sarah Greer,25,F,jeremy47@example.net,001-350-717-9955x15638,2009,2013,North Jonathanfort,2013
221,Maria Cook,34,F,krausejennifer@example.net,001-663-717-1825,2017,2021,Brandonmouth,2021
222,Kari Alvarez,26,F,adamsrobert@example.org,+1-265-482-5439x6409,2009,2013,Castilloton,2013
223,Sharon Mccann,29,F,dennis34@example.org,+1-677-321-1809x9719,2009,2013,East Melinda,2013
224,John Parker,32,F,lukewood@example.net,472-556-3594x8678,2008,2012,East Michael,2012
225,Michael Coleman,34,M,brian52@example.net,646.425.9654x945,2011,2015,South Charlesborough,2015
226,James Williams,34,F,jensenmatthew@example.org,510-578-5664x604,2012,2016,Loribury,2016
227,Thomas Hall,32,F,russelljohn@example.com,001-267-427-2892x54986,2015,2019,North Anne,2019
228,John Ortiz,22,F,sheltonrussell@example.org,630-508-4484,2013,2017,Ginaview,2017
229,Tiffany Beard,25,M,collierdeborah@example.com,(692)807-4542,2018,2022,Lake Matthew,2022
230,John Jones,26,M,yolandagutierrez@example.com,(584)310-3770x25865,2008,2012,Howefurt,2012
231,Amanda Melton,31,M,walkermichael@example.net,(752)478-5971x935,2010,2014,East Karenhaven,2014
232,Jason Olson,30,M,tinapeterson@example.org,+1-739-764-0882x1338,2013,2017,Millerside,2017
233,Sally Riley,32,F,jenniferrichards@example.org,322.910.3406x417,2017,2021,Scottview,2021
234,Eric Blair,28,F,qjackson@example.net,660.779.6602x0467,2017,2021,Elizabethside,2021
235,Isaiah Estrada,31,M,sloanjoseph@example.org,+1-797-740-8637x80737,2020,2024,Port Samantha,2024
236,Kathryn Woods,21,M,vrivas@example.com,+1-663-984-7419x39733,2015,2019,South Billy,2019
237,William Meadows,29,M,johncarroll@example.com,(756)657-4741x298,2006,2010,Kevinstad,2010
238,Mary Fox,32,M,davidsonann@example.org,834-612-2831,2015,2019,Pamelamouth,2019
239,Victoria Barnes,34,F,carolyn97@example.org,457.680.9865,2006,2010,Henryberg,2010
240,Allison Young,29,M,mcfarlandheather@example.com,(988)266-8495x87505,2014,2018,Williamview,2018
241,Sally Mcneil,27,F,spearsrobert@example.net,310-866-6826x9484,2007,2011,New Mark,2011
242,Shelly Chavez,28,F,natashaarmstrong@example.net,001-294-772-1184x9163,2010,2014,Johnsonport,2014
243,Eric Williamson,27,M,ashleylewis@example.net,632.373.0035x63686,2014,2018,Annaport,2018
244,Shawn Turner,34,M,kgreene@example.com,265-511-4544x86093,2011,2015,Jimenezburgh,2015
245,Andrew Wilson,24,M,lgonzales@example.net,500-691-0716,2013,2017,East Elizabethport,2017
246,Adam Smith,22,F,brian79@example.net,834.746.6829,2008,2012,Hudsonland,2012
247,Brandi Kelly,32,F,joan47@example.com,(732)258-1330x318,2017,2021,Carlland,2021
248,Abigail Klein,35,M,duranmark@example.org,862-362-2133x319,2005,2009,Elizabethmouth,2009
249,Adrian Austin,31,F,xfuller@example.net,001-354-471-7803x7892,2006,2010,South Timothytown,2010
250,Patrick Barrett,26,F,sparker@example.net,4652130601,2016,2020,North Maria,2020
251,Caleb Johnson,28,M,oriley@example.com,831-671-1789x091,2020,2024,West Matthew,2024
252,Jose Dean,21,F,vbailey@example.net,+1-551-222-5385,2008,2012,South Jasonshire,2012
253,Jared Rivera,34,F,daniel06@example.org,425-926-1952x7088,2010,2014,Pollardland,2014
254,Jennifer Rodriguez,31,M,codyleonard@example.org,407-378-5140x228,2013,2017,East Seth,2017
255,Edwin Baker,23,M,christopher31@example.net,001-648-295-3911x686,2009,2013,Ashleymouth,2013
256,Lori Lopez,24,F,daniel54@example.org,(262)543-8339x31277,2011,2015,Port Andrew,2015
257,Catherine Jones,28,F,jeffrey05@example.net,496.958.7327x99016,2008,2012,Michaelhaven,2012
258,Rebecca Thompson,25,F,velazquezangela@example.org,850.281.2429,2018,2022,Emilyside,2022
259,Michael Berry,32,F,bradley10@example.com,219-722-4082,2008,2012,Carterbury,2012
260,Jeremy Austin,24,M,jacksonalyssa@example.net,515-352-3763,2015,2019,South Mitchell,2019
261,David Choi,24,F,robin27@example.com,001-607-595-4425,2017,2021,Nicolebury,2021
262,Andrea Sutton,21,F,scott69@example.net,808-515-3673x854,2010,2014,Rachelburgh,2014
263,Raymond Smith,27,F,karen21@example.org,935.913.4759x841,2017,2021,East Steventown,2021
264,Timothy Bryant,34,F,heatherjones@example.net,983-277-9109,2014,2018,Erinfort,2018
265,Jonathan Webb,21,M,lori12@example.com,(382)789-5886x0086,2015,2019,East Victorchester,2019
266,James Nguyen,21,F,hillcynthia@example.net,(432)671-9197x60360,2018,2022,North Brianberg,2022
267,Jordan Gonzalez,25,M,camposjessica@example.net,252.995.1064,2019,2023,New Michael,2023
268,Jacob Johnson,30,F,phyllisibarra@example.net,+1-398-507-3033,2017,2021,Port Thomasview,2021
269,Peter Wyatt,22,F,danielhill@example.net,990.364.0760,2009,2013,Tonyfurt,2013
270,Johnny Phillips,28,F,sean19@example.org,(721)959-4596,2006,2010,Jesseville,2010
271,Andrew Nelson,24,F,brendacarson@example.net,462-642-6831x56564,2015,2019,Lake Jessica,2019
272,Amanda Miller,30,M,cathysmith@example.org,(466)687-5744x077,2015,2019,Sextonland,2019
273,Jonathan Ward MD,35,M,timothyshaw@example.org,242-324-9928,2008,2012,New Kimberlyview,2012
274,Steven Morris,31,M,ralphowen@example.com,(931)873-8038x671,2017,2021,Rebeccabury,2021
275,Walter Cain,21,F,brose@example.org,+1-822-350-6629x23179,2016,2020,Danielbury,2020
276,Crystal Pham,32,F,aallen@example.net,5083341002,2016,2020,Millston,2020
277,Richard Martinez,27,M,finleyrebecca@example.org,+1-594-790-2119x436,2016,2020,East Stephanieburgh,2020
278,Andrew Hernandez,34,M,timothypatton@example.net,(851)567-9365x224,2010,2014,Myersshire,2014
279,Robert Glenn,23,M,cynthia06@example.org,904.270.8274,2018,2022,Leeville,2022
280,Brittany Ruiz,35,F,vharris@example.org,(572)898-0297,2010,2014,Emilymouth,2014
281,Joseph Butler,30,M,khamilton@example.net,(214)951-4361x6643,2010,2014,Clineland,2014
282,Gloria Davis,28,M,gcooper@example.net,+1-452-807-1132x027,2006,2010,Port Hector,2010
283,Elaine Miller,21,F,james69@example.net,2079015113,2012,2016,West Julia,2016
284,Paula Miller,26,F,yolandahenson@example.com,314-482-5568x366,2019,2023,Stephanieview,2023
285,Michael Fischer,30,F,maryhunt@example.org,(244)650-6846,2007,2011,East Amanda,2011
286,Tammy Henry PhD,25,F,lori42@example.com,001-653-549-3253x862,2007,2011,Villarrealfort,2011
287,Sara Porter DVM,21,M,elamb@example.com,5588475371,2017,2021,East Natasha,2021
288,Gary Webb DDS,28,M,ydaniels@example.org,252-682-6459,2020,2024,Lake Briantown,2024
289,Edward Myers PhD,23,M,makayla87@example.net,362-810-9871,2015,2019,Christopherside,2019
290,Patricia Weber,33,M,jonathan67@example.org,001-925-472-2499x26991,2019,2023,Lake Blakeshire,2023
291,Mrs. Amanda Andrade,31,F,tmitchell@example.com,001-718-256-4899x759,2010,2014,Traceyton,2014
292,Jennifer Frank,28,M,cindy98@example.com,(449)907-4231x18775,2013,2017,Rodriguezmouth,2017
293,Amanda Green,34,F,forddaniel@example.org,5745111662,2017,2021,Chelseastad,2021
294,Susan Martinez,23,M,danielsjacqueline@example.net,(956)361-8473x36929,2013,2017,Lake Nancy,2017
295,Laura Navarro,24,F,robinsonpeter@example.org,(892)343-7861,2020,2024,Spencermouth,2024
296,Hannah Flores,26,M,jocelynli@example.com,(593)482-6792,2020,2024,South Kendraside,2024
297,Curtis Smith,32,M,gabriel50@example.net,370-783-6646x97464,2016,2020,Jeffreyfort,2020
298,James Nguyen,28,F,pam98@example.org,001-660-424-4138x6681,2008,2012,Stevenbury,2012
299,Christopher Brown,22,F,wjackson@example.net,001-623-280-9941x078,2009,2013,Marybury,2013
300,Ashley Zimmerman,31,F,khill@example.com,337.207.5084,2013,2017,Lisahaven,2017
301,Melinda Diaz,32,F,jade76@example.org,743-457-0419x783,2008,2012,West Kevin,2012
302,Ryan Moore,27,M,gregory05@example.net,592.384.5662x352,2010,2014,Gibsonside,2014
303,Donna Campbell,35,M,mayeileen@example.org,(501)614-9770x296,2016,2020,Hoganmouth,2020
304,Miguel Ball,27,F,fosterandrew@example.net,263.651.8205x865,2012,2016,Ethanport,2016
305,Nicole Miller,28,F,thomaslinda@example.org,240.824.3911,2006,2010,Pennytown,2010
306,William Fisher,26,F,robinmyers@example.org,451-276-7742,2013,2017,New Tracyfurt,2017
307,Anita Coleman,27,M,timothy67@example.com,001-505-461-9605,2020,2024,East Brianport,2024
308,Kevin Edwards,21,F,joeltaylor@example.net,909.659.1216x59917,2009,2013,North Jonathanmouth,2013
309,Jeffrey Kelley,35,M,zacharyanderson@example.com,001-818-344-2000x7037,2015,2019,Mcfarlandstad,2019
310,Christian Vasquez,31,F,brownsandra@example.com,904.790.9123x8679,2018,2022,South Juliaside,2022
311,Philip Silva,28,F,seanmiller@example.com,001-380-499-4329x2029,2006,2010,South Matthew,2010
312,Cassandra Rodriguez,22,F,thompsonjay@example.org,262-510-4658,2006,2010,North Roberto,2010
313,Dana Bailey,24,M,fjimenez@example.org,(482)486-6644,2007,2011,South Alexisfurt,2011
314,Tracy Wells,34,M,maria41@example.net,334.607.6965x7012,2011,2015,Courtneyview,2015
315,Melissa Roberts,21,F,amanda01@example.com,244-534-1620x74896,2020,2024,Port Angela,2024
316,Amanda Mclean,21,M,sarahmccullough@example.org,001-605-564-0251x49035,2011,2015,Kristaberg,2015
317,Nicole Reed,29,F,bateskerry@example.net,(593)893-1382x09046,2007,2011,East Dawnview,2011
318,Brian Arnold,27,F,linda92@example.com,(396)383-0188,2012,2016,West Angela,2016
319,Samantha Woods,22,M,wellsabigail@example.net,602-298-8562,2020,2024,East Carolinemouth,2024
320,Zachary Russell,34,M,mary31@example.org,376-458-3255,2007,2011,Suzannefort,2011
321,William Harper,35,F,bradleyoliver@example.com,774-710-4810,2012,2016,Leonardberg,2016
322,Jessica Anderson,35,M,matthew81@example.org,374-453-6738,2015,2019,Victoriatown,2019
323,Michelle Pratt,35,F,vsanchez@example.com,(662)348-0167,2011,2015,East Bethanyfurt,2015
324,Kiara Nelson,27,M,hudsonwendy@example.org,(736)421-2289,2005,2009,East Heathertown,2009
325,Jose Duncan,22,F,williamparker@example.com,+1-991-543-8425x6546,2010,2014,New Jennifer,2014
326,Dr. Gerald Sanchez,27,M,wagnerlisa@example.com,001-464-402-7196x20625,2016,2020,New Cynthiamouth,2020
327,Richard Blair,35,F,jordanmallory@example.net,6309953590,2006,2010,Lake Ruben,2010
328,Tracey Johnson,21,F,micheleherrera@example.net,+1-396-326-8511x203,2005,2009,Rogerhaven,2009
329,Amber Howell,28,M,conwaybrian@example.net,778-419-5127,2015,2019,Port Kenneth,2019
330,Christine Powers,29,F,jamie31@example.net,699-931-9274x70739,2015,2019,Jasonfort,2019
331,Meredith Vincent,33,F,jasmin36@example.com,303-394-2360,2006,2010,Rachelberg,2010
332,Ricardo Hodge,35,F,simsryan@example.com,436-663-8633,2016,2020,West Gregory,2020
333,Robert Anderson,28,M,pvega@example.com,8646772889,2008,2012,North Mark,2012
334,Kayla Ramirez,34,F,millstim@example.com,577-334-6251x7032,2014,2018,New Victorville,2018
335,Gabriel Johnson,22,F,jwood@example.com,(834)919-6155x49344,2006,2010,Longchester,2010
336,Harold Manning,31,F,sherring@example.com,413.951.5903,2007,2011,Robertside,2011
337,Cindy Crawford,27,F,tgonzalez@example.com,(933)327-6549,2019,2023,East Christopherland,2023
338,Matthew Harris,25,F,vanessamerritt@example.org,+1-674-421-2685x660,2019,2023,Alexandrabury,2023
339,Michael Oneill,24,M,xrobinson@example.org,892.806.1530,2009,2013,Hartmanton,2013
340,Katherine Henderson,22,M,boydbruce@example.net,369.594.6556x42909,2018,2022,West Adammouth,2022
341,Vicki Thompson,28,F,morgan13@example.com,+1-630-460-1545x12068,2012,2016,Schneiderberg,2016
342,Kelly Garcia,27,M,elizabeth29@example.org,+1-782-831-8105x650,2019,2023,Bryanfurt,2023
343,Wendy Marshall,33,M,allensherry@example.com,764.302.3413,2012,2016,Tuckermouth,2016
344,Luis Goodwin,26,F,fmaxwell@example.net,873.522.2365,2015,2019,Nataliechester,2019
345,Antonio Kramer,34,F,smithcarol@example.com,+1-234-238-4469,2018,2022,New Dianamouth,2022
346,Shawn Shaw,28,F,coxsara@example.org,353-318-5849x9058,2011,2015,New Renee,2015
347,Jason Cameron,27,M,william66@example.org,813-496-0012x261,2009,2013,Joshuaville,2013
348,Luis Brown,30,F,lindawall@example.org,901-215-2123,2019,2023,Lake Juanport,2023
349,Sharon Huff,32,F,timothy75@example.org,(430)980-4620x7045,2011,2015,Timothyland,2015
350,Stephen Thompson,32,F,dbrown@example.com,(285)588-4546x27905,2012,2016,Tarafort,2016
351,Kimberly Green,32,M,eddie74@example.net,(578)968-0810,2015,2019,South Phillipfurt,2019
352,Kelly Taylor,25,F,wuanna@example.org,675.353.2306x866,2005,2009,Lake Erica,2009
353,Terry Avila,25,F,jill97@example.net,+1-229-441-4114,2005,2009,Lake Courtneyview,2009
354,Joseph Garcia,34,M,hamiltonjulie@example.com,001-631-218-1675x74649,2013,2017,South Eric,2017
355,Annette Martinez,34,F,wbullock@example.org,975-307-0178,2019,2023,Dayton,2023
356,Dawn Smith,26,M,kristen37@example.org,723.372.0655x40897,2008,2012,Patrickland,2012
357,Jordan Morrison,33,F,angelsmith@example.net,001-649-355-7810,2008,2012,Michaelville,2012
358,Kristin Williams,29,F,colleen80@example.net,(968)821-5891,2010,2014,Emilyview,2014
359,Tammie Cain,23,F,sruiz@example.com,4044985726,2008,2012,New Anne,2012
360,Crystal Martinez,25,F,harrisonsandra@example.com,878-438-1102,2019,2023,Hoffmanmouth,2023
361,Javier Mcgrath,34,F,nicole99@example.com,001-965-457-7513x210,2018,2022,North Tarashire,2022
362,Katie Fisher,21,M,vclark@example.net,661.697.5226x158,2011,2015,North Misty,2015
363,Nancy King,23,M,curtis62@example.org,001-959-588-9549x6198,2017,2021,Port Sandra,2021
364,Catherine Davis,23,M,robertsgina@example.net,447-907-5842x0761,2014,2018,South Christineborough,2018
365,Jennifer Gates,27,M,michaelsullivan@example.com,891-632-1457x18920,2020,2024,Scotthaven,2024
366,Tiffany Hall,33,M,jordankevin@example.com,503.296.5777,2019,2023,South Ryan,2023
367,Elizabeth Bradshaw,34,F,jramirez@example.net,569-609-7473,2009,2013,Angelshire,2013
368,Timothy Wilkins,34,F,harrisjohn@example.net,810-631-8299,2019,2023,Victorialand,2023
369,Sarah Martinez,23,F,brocha@example.com,512-433-6736x717,2014,2018,East Teresaberg,2018
370,Brittany Kennedy,23,M,aaroncarter@example.com,345.900.6754,2005,2009,West Susanfurt,2009
371,Lori Hill,32,M,daviskevin@example.com,445.597.6616x2491,2009,2013,West Mary,2013
372,Christopher Larsen,31,F,dawn55@example.net,374.692.8649,2017,2021,Amberton,2021
373,Samuel Davis,22,M,calebreed@example.net,+1-354-210-5279x202,2008,2012,Sandersfort,2012
374,Traci Castillo,27,M,jeanette44@example.net,(766)554-7179,2009,2013,New Gilbertmouth,2013
375,Christian Bell,32,F,kwells@example.org,212.428.0404x282,2012,2016,East Lucasbury,2016
376,Mr. Mike Smith,29,M,kristen05@example.org,+1-297-796-5019x724,2011,2015,West Kenneth,2015
377,Brittany Clark,35,M,derrickcabrera@example.org,(691)489-1264,2015,2019,South Aaron,2019
378,Debra Olson,22,F,fergusonkim@example.org,(361)762-2144x34716,2006,2010,Wilsonfurt,2010
379,Jennifer Bailey,22,F,richard49@example.net,001-377-588-8860x231,2011,2015,Port Jenniferbury,2015
380,Kirk Young,32,F,ikelley@example.org,256.696.4838x427,2008,2012,New Cindy,2012
381,Joshua Gonzalez,25,M,courtney30@example.com,347.250.6881x657,2009,2013,South Bryanville,2013
382,Jesse Mitchell,24,M,martinezcarolyn@example.net,001-853-542-5101x0567,2018,2022,Port Eric,2022
383,Mr. Ethan Taylor,31,F,jonathanhill@example.com,+1-263-985-4573x2347,2017,2021,Kevinshire,2021
384,Peter Alvarez,35,M,mike33@example.org,800.554.8135,2012,2016,Webbburgh,2016
385,Michelle Kidd,24,M,zward@example.org,667.869.3753,2020,2024,New Kristenchester,2024
386,Lisa Lopez,28,F,paul75@example.net,001-600-402-6972x405,2010,2014,Robertsshire,2014
387,Paige Jordan,31,M,mariemendoza@example.com,001-611-235-7813x91561,2005,2009,West Jamesburgh,2009
388,John Reed,24,M,tbaker@example.net,637.250.6200,2016,2020,Mikeside,2020
389,Brandon Smith,30,M,fmarks@example.com,254.250.7969,2008,2012,Deannabury,2012
390,Lisa Goodman,23,F,daniel53@example.net,529.335.7389x277,2011,2015,Lake Kimberlyburgh,2015
391,Dana Cobb,23,F,ojohnson@example.com,(615)313-5352x5948,2007,2011,Port Maryview,2011
392,Allison Lam,30,F,johnlawson@example.org,(303)454-7353x0001,2018,2022,Port Angelafort,2022
393,Beth Mckay,32,F,debraramsey@example.org,001-590-570-4060x42015,2018,2022,Harringtonview,2022
394,Jeffrey Lewis,29,M,smeyer@example.org,247.701.2858x6506,2008,2012,West Gregory,2012
395,Mason Lambert,29,M,thompsonangela@example.net,638.799.0654,2019,2023,New Victoriaview,2023
396,Thomas Wilson,24,F,james16@example.net,+1-799-379-9080x53061,2019,2023,South Chelseaville,2023
397,Sarah Hamilton,22,M,matthew42@example.com,675.689.1845x62986,2013,2017,Lake Thomasfort,2017
398,Debra Moore,25,M,kristinmiller@example.com,+1-323-716-7439,2013,2017,East Michelle,2017
399,Heather Morrison,30,F,sdickson@example.net,919.775.1233x9744,2006,2010,Lake Christopherland,2010
400,Andrew Lucero,23,M,alexander55@example.com,(717)367-2665,2009,2013,Ericville,2013
401,Craig Baker,32,M,cervantesderrick@example.com,001-948-924-6836x05941,2020,2024,South Judy,2024
402,David Smith,34,M,kristenherrera@example.org,001-358-291-5623,2020,2024,West Phillip,2024
403,Mr. Steven Valdez,30,F,daniel99@example.com,001-329-716-2708x435,2007,2011,West Logan,2011
404,Jessica Rodriguez,29,F,pamela25@example.com,001-328-971-3239x4521,2019,2023,Scottbury,2023
405,Steve Holloway,26,F,brittany28@example.com,4337195267,2019,2023,Lake Christinaborough,2023
406,Corey Stevens,32,F,andersonderek@example.org,497.260.2975x988,2006,2010,East Kathleen,2010
407,Olivia May,29,F,dmontes@example.com,+1-284-460-0383x2255,2010,2014,New John,2014
408,Robert Williams,25,F,ysuarez@example.net,001-614-734-2851x161,2013,2017,South Jason,2017
409,Corey Hill,35,F,rebeccaholland@example.com,6263180237,2008,2012,East Samantha,2012
410,Angel Weeks,28,M,brownnicholas@example.com,+1-756-409-6670x95571,2015,2019,Port Adamstad,2019
411,Amy Conner,34,F,johnalvarez@example.net,580-661-9256,2012,2016,Hooperbury,2016
412,Matthew Hernandez,30,F,ramirezbrian@example.net,+1-838-654-2135x9116,2019,2023,East Hollyfurt,2023
413,Stacie Walker,32,F,caldwelljay@example.org,967-510-1436,2010,2014,Ingramstad,2014
414,Anthony Russell,30,M,qrasmussen@example.net,(276)737-9189,2013,2017,Michaelmouth,2017
415,Kenneth Norton,33,F,edward70@example.com,299.844.9168x92370,2016,2020,Scottport,2020
416,Joseph Kelly,28,M,kennedysusan@example.net,+1-346-364-6243x280,2009,2013,New Brittany,2013
417,Lindsey Mendoza,32,F,baileypeter@example.net,+1-233-668-3617x365,2008,2012,New Barbaraport,2012
418,Lauren Walters,26,F,ibrown@example.org,580.395.6268,2006,2010,Marissamouth,2010
419,Stephanie Frey,28,M,xray@example.net,261.946.9071,2006,2010,Shawnfurt,2010
420,Andrea Sampson,26,M,sharonjones@example.org,883-220-9494x75580,2010,2014,West Karen,2014
421,Annette Gonzalez,33,F,janice55@example.org,7765036990,2008,2012,Lake Ivan,2012
422,Carlos Ray,22,F,david15@example.net,404-606-5114x613,2009,2013,Lake Elizabeth,2013
423,Julie Moore,29,F,yrogers@example.net,001-909-493-5241x659,2007,2011,Nicholasville,2011
424,Mary Morris,33,M,harrisdeborah@example.net,+1-994-529-4317x8604,2009,2013,New Brent,2013
425,Tonya Woodard,27,M,donaldruiz@example.com,8694402466,2011,2015,Beardside,2015
426,Eugene Berry,24,M,kim35@example.org,737.365.0384x79672,2010,2014,East Brittney,2014
427,Carmen Gomez,34,F,hendersoneric@example.net,001-319-529-8579x083,2014,2018,East Lisabury,2018
428,Aaron Jones,21,M,daniel77@example.org,+1-869-345-8586,2015,2019,Elizabethside,2019
429,Kimberly Pena,24,F,carpentertara@example.net,243-404-4511x49916,2018,2022,Evansburgh,2022
430,Kim Ingram,22,M,knapplisa@example.org,309.845.2832,2018,2022,South Denisechester,2022
431,Mr. Brian Hahn MD,30,M,sdavis@example.org,+1-315-461-3212,2008,2012,Lake Williamside,2012
432,Nicholas Mosley,29,M,moorebrian@example.net,001-276-888-0644,2006,2010,Melissaton,2010
433,Cynthia Pittman,33,M,edwardbryant@example.org,001-818-507-3021x9532,2016,2020,Peterchester,2020
434,Andrea King,23,M,richard96@example.net,(234)983-6702x33344,2005,2009,East Kimberlyside,2009
435,William Wilcox,35,F,garciapaige@example.org,001-454-763-1741x87932,2014,2018,New Michael,2018
436,Stephanie Cantu,30,F,adam64@example.org,001-439-783-9701x3577,2016,2020,Lake Aaron,2020
437,Gloria Jennings,24,F,ftaylor@example.org,377-738-7356x714,2014,2018,Whiteton,2018
438,Mark Massey II,34,F,ychase@example.net,001-431-238-3059,2018,2022,Harmonside,2022
439,Christopher Jackson,22,M,amy83@example.com,+1-711-882-4687x97229,2011,2015,New Jacob,2015
440,Daniel Pratt,29,M,tammymcdaniel@example.net,(756)951-6374,2018,2022,Mitchellfurt,2022
441,Michelle Bird,26,M,zromero@example.com,+1-751-857-4573x293,2016,2020,Port Kathrynport,2020
442,Chad Bartlett,22,F,swilliams@example.com,(453)975-3856x196,2012,2016,Danielville,2016
443,Michael Roberts,21,M,tara93@example.net,450.679.1567x72485,2020,2024,North Jennifer,2024
444,Judy Thomas,22,M,lawrence02@example.net,(342)423-3030x819,2020,2024,Ballland,2024
445,Andrea Peterson,28,F,hopkinsbrian@example.org,001-571-812-1859x28009,2014,2018,Nelsonmouth,2018
446,Randy Taylor,31,M,meyersjorge@example.com,(964)792-8911x102,2017,2021,Vazquezville,2021
447,Susan Owens,32,M,sototiffany@example.org,(410)624-2874x0484,2011,2015,Port Zachary,2015
448,Mary Davis,21,F,itorres@example.net,+1-818-824-5110,2005,2009,Port Christopher,2009
449,Maxwell Dorsey,27,F,john07@example.com,590.627.3283x005,2010,2014,Loriland,2014
450,Robert Huber,23,F,timothynguyen@example.net,+1-227-655-8906x89467,2005,2009,New Alexander,2009
451,Jody Adams,26,M,lisa86@example.org,349.598.7181x89289,2012,2016,East Michael,2016
452,Mikayla Floyd,35,M,sarah32@example.org,001-967-966-7701x6392,2012,2016,New Michelle,2016
453,Dr. Steven Lopez,24,F,smithmelody@example.org,2467563987,2010,2014,Port Leemouth,2014
454,Andrea Gonzalez,33,F,meganriley@example.org,634-353-0640x708,2018,2022,Lopezside,2022
455,Cheryl Parsons DVM,27,M,ashleywebb@example.org,(825)919-9748x74801,2020,2024,West Patricia,2024
456,Timothy Chapman,34,F,ffranco@example.com,(673)605-4646x25252,2012,2016,Port Joel,2016
457,Michele Allen,29,F,bmorris@example.com,343-878-2703x9306,2008,2012,Hernandezmouth,2012
458,Timothy Smith,27,M,fmendoza@example.com,+1-707-609-0902,2005,2009,Port Christopherstad,2009
459,Gerald Scott,26,F,mckinneylaura@example.org,705.878.4015,2015,2019,South Brendanville,2019
460,Heidi Morton,31,M,simpsondale@example.com,+1-677-971-0097,2020,2024,New Lindafurt,2024
461,Michele Clark,24,M,paul50@example.com,228-954-1705x9933,2016,2020,Cruzshire,2020
462,Raymond Wilson,25,F,susanrodriguez@example.com,269-715-4122,2016,2020,Maxwellstad,2020
463,Edward Richards,32,F,mendozasharon@example.org,223-472-2121,2011,2015,Patrickton,2015
464,Alexandria Khan,25,M,johnsonjasmine@example.net,+1-605-370-8462x058,2012,2016,Port Nicholas,2016
465,Terry White,27,M,john73@example.com,+1-286-678-8603x165,2015,2019,East Michael,2019
466,Thomas Garcia,24,F,charlesgilbert@example.org,(956)484-9870,2019,2023,Randychester,2023
467,Christine Gordon,25,F,gonzalezjennifer@example.org,424-733-0815x20191,2009,2013,Stevenmouth,2013
468,Kenneth Middleton,31,M,jeffreybryant@example.org,353-282-7113,2009,2013,Mosschester,2013
469,Erica Cook,22,M,fostermichael@example.org,976-288-6015,2013,2017,Robinsonmouth,2017
470,Heather Santiago,32,F,larrywoods@example.net,+1-375-941-3993x5144,2016,2020,Colliermouth,2020
471,William Jacobs,24,M,davidbrooks@example.com,+1-312-606-7273x057,2008,2012,Osbornview,2012
472,Alexander Grant,24,F,udavis@example.com,733.847.2400x72570,2012,2016,North Catherinefurt,2016
473,Timothy Harris,26,M,davidfisher@example.com,295.773.9934x9328,2012,2016,Simonfurt,2016
474,Paige Perkins,28,M,diane12@example.com,913-861-7485,2016,2020,Powersfurt,2020
475,James Baker,22,M,chandlerkelly@example.com,997-565-9132x21887,2007,2011,New Jacobchester,2011
476,Louis Zimmerman,24,M,edwardgregory@example.net,3426701074,2018,2022,North Alicia,2022
477,Glenda Smith,31,F,scott37@example.com,8162004990,2019,2023,Elizabethstad,2023
478,Katie Dixon,25,F,nhall@example.net,(577)461-1865x906,2019,2023,Russellstad,2023
479,Karl Mcneil,28,M,ocrawford@example.org,(842)212-1030,2009,2013,West Kathryn,2013
480,Jody Greene,30,F,hendersonjohn@example.com,001-851-979-6699x69032,2019,2023,Riosview,2023
481,Ashley Ramirez,28,M,christine11@example.org,4885612582,2008,2012,Lake Kelsey,2012
482,Sarah Chavez,33,F,wilsonconnor@example.net,277-479-2784,2017,2021,Adkinsview,2021
483,James Ortiz,31,M,patrick93@example.org,(229)271-2855,2007,2011,East Josephland,2011
484,Daniel Weaver,26,F,deannagrant@example.org,678.964.6273x4829,2006,2010,North Andrewville,2010
485,Ashley Rivera,30,M,llopez@example.org,891-448-0795x5418,2008,2012,West Samuelshire,2012
486,Zachary Lynch,26,M,fweber@example.net,6218789678,2016,2020,West Timothychester,2020
487,Matthew Leonard,34,M,rogersanthony@example.com,001-748-989-8593,2007,2011,North Omar,2011
488,Rachel Brown,29,M,lewisjoshua@example.org,+1-865-903-7686x2147,2015,2019,Lake Dianebury,2019
489,Patricia Tucker,35,F,hensleyjason@example.net,(454)478-7573,2006,2010,South Erikafurt,2010
490,David Miller,30,F,pmiller@example.net,+1-547-934-7830x70211,2010,2014,Rachelshire,2014
491,Terry Vaughan,29,M,tharding@example.net,583-667-7375x9410,2015,2019,Ericaport,2019
492,Kevin Torres DVM,23,M,tinarivera@example.net,863.251.5516x365,2007,2011,North Heatherfort,2011
493,Nicholas Campbell,23,M,robin29@example.com,397-278-1588x17616,2015,2019,New Veronicaville,2019
494,Allen Kelley,23,M,philipthompson@example.com,583-621-5482,2014,2018,New Juanside,2018
495,Joseph Jimenez,27,F,russellcontreras@example.com,(762)276-7145,2006,2010,Brownstad,2010
496,Daisy Clark,29,F,smithjeffrey@example.net,001-651-392-4214,2013,2017,East Randy,2017
497,Kayla Hill,23,M,robert03@example.org,+1-902-797-7736x457,2008,2012,South Markborough,2012
498,Luke Mora,34,M,xwatson@example.com,7528584320,2008,2012,North Stephen,2012
499,William Ortiz,32,F,zmartinez@example.org,+1-614-842-8777x184,2009,2013,South Nancy,2013
500,Carol Garner,31,M,vryan@example.net,8554765193,2017,2021,North Michaelfurt,2021